Model,Accuracy,Recall,F1-Score
Baseline (LogReg),0.823,0.8676470588235294,0.25
Random Forest,0.9845,0.7205882352941176,0.7596899224806202
XGBoost (Recall-Tuned),0.9795,0.7941176470588235,0.7248322147651006
